Paso,Valor
0,1.0
1,1.1
2,1.2100000000000002
3,1.3310000000000004
4,1.4641000000000006
5,1.6105100000000008
6,1.771561000000001
7,1.9487171000000014
8,1.7715610000000013
9,1.9487171000000016
