Paso,Valor
0,1.0
1,0.9090909090909091
2,0.8264462809917354
3,0.9090909090909091
4,1.0
5,0.9090909090909091
6,1.0
7,0.9090909090909091
8,1.0
9,1.1
