Paso,Valor
0,1.0
1,0.9090909090909091
2,1.0
3,0.9090909090909091
4,1.0
5,0.9090909090909091
6,1.0
7,1.1
8,1.2100000000000002
9,1.3310000000000004
