Paso,Valor
0,1.0
1,0.9090909090909091
2,1.0
3,1.1
4,1.2100000000000002
5,1.3310000000000004
6,1.4641000000000006
7,1.6105100000000008
8,1.4641000000000006
9,1.6105100000000008
