Paso,Valor
0,1.0
1,1.1
2,1.0
3,1.1
4,1.0
5,1.1
6,1.2100000000000002
7,1.3310000000000004
8,1.2100000000000004
9,1.1000000000000003
