Paso,Valor
0,1.0
1,0.9090909090909091
2,1.0
3,0.9090909090909091
4,1.0
5,1.1
6,1.2100000000000002
7,1.3310000000000004
8,1.4641000000000006
9,1.6105100000000008
