Paso,Valor
0,1.0
1,1.1
2,1.0
3,1.1
4,1.2100000000000002
5,1.3310000000000004
6,1.2100000000000004
7,1.3310000000000006
8,1.2100000000000006
9,1.3310000000000008
