Paso,Valor
0,1.0
1,0.9090909090909091
2,0.8264462809917354
3,0.7513148009015777
4,0.6830134553650705
5,0.7513148009015777
6,0.6830134553650705
7,0.7513148009015777
8,0.8264462809917354
9,0.7513148009015777
