Paso,Valor
0,1.0
1,0.9090909090909091
2,0.8264462809917354
3,0.7513148009015777
4,0.6830134553650705
5,0.620921323059155
6,0.6830134553650706
7,0.6209213230591552
8,0.5644739300537774
9,0.5131581182307068
