Paso,Valor
0,1.0
1,1.1
2,1.2100000000000002
3,1.1
4,1.2100000000000002
5,1.1
6,1.0
7,0.9090909090909091
8,0.8264462809917354
9,0.7513148009015777
