Paso,Valor
0,1.0
1,0.9090909090909091
2,1.0
3,0.9090909090909091
4,0.8264462809917354
5,0.9090909090909091
6,1.0
7,0.9090909090909091
8,1.0
9,0.9090909090909091
