Paso,Valor
0,1.0
1,1.1
2,1.2100000000000002
3,1.3310000000000004
4,1.2100000000000004
5,1.1000000000000003
6,1.0000000000000002
7,0.9090909090909093
8,0.8264462809917357
9,0.9090909090909093
