Paso,Valor
0,1.0
1,1.1
2,1.2100000000000002
3,1.3310000000000004
4,1.2100000000000004
5,1.3310000000000006
6,1.4641000000000008
7,1.610510000000001
8,1.4641000000000008
9,1.610510000000001
