Paso,Valor
0,1.0
1,0.9090909090909091
2,0.8264462809917354
3,0.7513148009015777
4,0.8264462809917354
5,0.9090909090909091
6,0.8264462809917354
7,0.7513148009015777
8,0.8264462809917354
9,0.7513148009015777
