Paso,Valor
0,1.0
1,1.1
2,1.0
3,0.9090909090909091
4,1.0
5,1.1
6,1.0
7,0.9090909090909091
8,0.8264462809917354
9,0.9090909090909091
