Paso,Valor
0,1.0
1,1.1
2,1.2100000000000002
3,1.3310000000000004
4,1.4641000000000006
5,1.3310000000000006
6,1.2100000000000006
7,1.1000000000000005
8,1.2100000000000006
9,1.3310000000000008
