Paso,Valor
0,1.0
1,1.1
2,1.0
3,0.9090909090909091
4,0.8264462809917354
5,0.7513148009015777
6,0.6830134553650705
7,0.7513148009015777
8,0.6830134553650705
9,0.620921323059155
