Paso,Valor
0,1.0
1,1.1
2,1.2100000000000002
3,1.3310000000000004
4,1.4641000000000006
5,1.6105100000000008
6,1.4641000000000006
7,1.6105100000000008
8,1.4641000000000006
9,1.3310000000000006
